timestamp,message,eventId,logStreamName
1615664820480,"2021-03-13T19:47:00.480Z	f54dcd8b-ab2a-4546-b17e-5d22180d0db3	INFO	{
  target: 'when-will-i-coldstart-dev-system-under-test-2048',
  interval: 300,
  coldstarts: 0
}
",36030529487754201199705058822800752752068287803867332609,2021/03/13/[$LATEST]2469f2123ba744dfbd29fb1ecb5c3781
1615664820483,"2021-03-13T19:47:00.483Z	76b50b91-9fc2-4a8c-82c9-8a44d7657b66	INFO	{
  target: 'when-will-i-coldstart-dev-system-under-test-1856',
  interval: 300,
  coldstarts: 0
}
",36030529487821103435300650692227892687861855909898747905,2021/03/13/[$LATEST]5a82ef1e9ade476ca8a6a8ba33a73a80
1615664820483,"2021-03-13T19:47:00.482Z	172e84eb-5e78-4a2c-85b6-1f63f4096c0d	INFO	{
  target: 'when-will-i-coldstart-dev-system-under-test-3008',
  interval: 300,
  coldstarts: 0
}
",36030529487821103435300650692232785058093791113568714753,2021/03/13/[$LATEST]4db84be806254cbf8cb7ff8192b32640
1615664820513,"2021-03-13T19:47:00.513Z	dbef00f7-f1a0-4595-9f14-0389936199d7	INFO	{
  target: 'when-will-i-coldstart-dev-system-under-test-128',
  interval: 300,
  coldstarts: 0
}
",36030529488490125791256569386501634214848483663636594689,2021/03/13/[$LATEST]1be49edae2754ecb9aebdaefdbe1e791
1615664820522,"2021-03-13T19:47:00.521Z	338b3eac-9864-44ea-9f47-69137ad9e78b	INFO	{
  target: 'when-will-i-coldstart-dev-system-under-test-2240',
  interval: 300,
  coldstarts: 0
}
",36030529488690832498043344994792413090307005956072472577,2021/03/13/[$LATEST]2f5f0d7ea73644b3a17b77bfc76451eb
1615664820536,"2021-03-13T19:47:00.535Z	00d41add-cdd0-46f3-bc64-3686051eb669	INFO	{
  target: 'when-will-i-coldstart-dev-system-under-test-1536',
  interval: 300,
  coldstarts: 0
}
",36030529489003042930822773718796614698152973832780775425,2021/03/13/[$LATEST]31d0fae6eca741c5b40b6555ed0083ad
1615665121463,"2021-03-13T19:52:01.463Z	1727f902-54ab-4efb-8991-4776d3038e90	INFO	{
  target: 'when-will-i-coldstart-dev-system-under-test-2432',
  interval: 300,
  coldstarts: 1
}
",36030536199899393289047604195415285847771732949473361921,2021/03/13/[$LATEST]4db84be806254cbf8cb7ff8192b32640
1615665121465,"2021-03-13T19:52:01.465Z	3c8a5164-7480-43af-b2ad-b032aa0e0061	INFO	{
  target: 'when-will-i-coldstart-dev-system-under-test-2240',
  interval: 300,
  coldstarts: 1
}
",36030536199943994779444665441698460866399808006951141377,2021/03/13/[$LATEST]1be49edae2754ecb9aebdaefdbe1e791
1615665121557,"2021-03-13T19:52:01.557Z	958f098d-c380-40ce-b413-ce070ebdc1e2	INFO	{
  target: 'when-will-i-coldstart-dev-system-under-test-1280',
  interval: 300,
  coldstarts: 1
}
",36030536201995663337709482770719643365400678931035521033,2021/03/13/[$LATEST]4db84be806254cbf8cb7ff8192b32640
1615665121560,"2021-03-13T19:52:01.559Z	b5a9ec94-6496-4da6-85f1-bf4f1e8224c7	INFO	{
  target: 'when-will-i-coldstart-dev-system-under-test-2816',
  interval: 300,
  coldstarts: 1
}
",36030536202062565573305074640144354102301402350019280905,2021/03/13/[$LATEST]1be49edae2754ecb9aebdaefdbe1e791
1615665121592,"2021-03-13T19:52:01.592Z	7538eceb-4e19-4921-b81b-54e6f83295ba	INFO	{
  target: 'when-will-i-coldstart-dev-system-under-test-1152',
  interval: 300,
  coldstarts: 1
}
",36030536202776189419658054580673497087026149918210654225,2021/03/13/[$LATEST]1be49edae2754ecb9aebdaefdbe1e791
1615665121604,"2021-03-13T19:52:01.604Z	6fd40302-f0f9-4829-8666-060364ced633	INFO	{
  target: 'when-will-i-coldstart-dev-system-under-test-1536',
  interval: 300,
  coldstarts: 1
}
",36030536203043798362040422058371822124215151921816600593,2021/03/13/[$LATEST]4db84be806254cbf8cb7ff8192b32640
1615665121652,"2021-03-13T19:52:01.652Z	1ded43a4-abf2-43c3-a295-1e87bbdb63bc	INFO	{
  target: 'when-will-i-coldstart-dev-system-under-test-512',
  interval: 300,
  coldstarts: 1
}
",36030536204114234131569891969165536601302273274103660569,2021/03/13/[$LATEST]4db84be806254cbf8cb7ff8192b32640
1615665121754,"2021-03-13T19:52:01.754Z	f8d6d601-24ef-4215-886c-f91c6bfcdc7b	INFO	{
  target: 'when-will-i-coldstart-dev-system-under-test-1024',
  interval: 300,
  coldstarts: 1
}
",36030536206388910141820015529602179865112406147713663009,2021/03/13/[$LATEST]4db84be806254cbf8cb7ff8192b32640
1615665121964,"2021-03-13T19:52:01.964Z	7406c852-e400-4922-86dc-d4980227a2d1	INFO	{
  target: 'when-will-i-coldstart-dev-system-under-test-3008',
  interval: 300,
  coldstarts: 1
}
",36030536211072066633511446389324680702368562063969550377,2021/03/13/[$LATEST]4db84be806254cbf8cb7ff8192b32640
1615665481738,"2021-03-13T19:58:01.738Z	51b3d3cc-31ea-45e2-8094-c5b21c6e7287	INFO	{
  target: 'when-will-i-coldstart-dev-system-under-test-2432',
  interval: 360,
  coldstarts: 0
}
",36030544234300369689667856947746641875850070737369038849,2021/03/13/[$LATEST]4db84be806254cbf8cb7ff8192b32640
1615665481807,"2021-03-13T19:58:01.806Z	238e705a-3461-4e12-9a9b-a1c3a5bca480	INFO	{
  target: 'when-will-i-coldstart-dev-system-under-test-2624',
  interval: 360,
  coldstarts: 0
}
",36030544235839121108366469944512606436662807681281687561,2021/03/13/[$LATEST]4db84be806254cbf8cb7ff8192b32640
1615665481854,"2021-03-13T19:58:01.854Z	a1f08fef-3b0f-46bc-8756-ab2cc342a371	INFO	{
  target: 'when-will-i-coldstart-dev-system-under-test-2816',
  interval: 360,
  coldstarts: 0
}
",36030544236887256132697409232164785195477280672062767121,2021/03/13/[$LATEST]4db84be806254cbf8cb7ff8192b32640
1615665482004,"2021-03-13T19:58:02.004Z	26f7b7eb-8372-42dc-b5e8-59940295b300	INFO	{
  target: 'when-will-i-coldstart-dev-system-under-test-1024',
  interval: 360,
  coldstarts: 0
}
",36030544240232367912477002703395142936374534897959829529,2021/03/13/[$LATEST]4db84be806254cbf8cb7ff8192b32640
1615665482203,"2021-03-13T19:58:02.202Z	1767ec98-878e-4fd0-9811-f592b504da1e	INFO	{
  target: 'when-will-i-coldstart-dev-system-under-test-3008',
  interval: 360,
  coldstarts: 0
}
",36030544244670216206984596708560750872631558837649932321,2021/03/13/[$LATEST]4db84be806254cbf8cb7ff8192b32640
1615665482460,"2021-03-13T19:58:02.459Z	84258d95-ee83-44c7-9f98-470614395439	INFO	{
  target: 'when-will-i-coldstart-dev-system-under-test-1856',
  interval: 360,
  coldstarts: 0
}
",36030544250401507723006966856886862287699741682733350913,2021/03/13/[$LATEST]13a1faeb64894b268d2be3b760e51cf6
1615665482480,"2021-03-13T19:58:02.479Z	2f3ede06-d6f5-4d76-8ea0-511a2bafc1c5	INFO	{
  target: 'when-will-i-coldstart-dev-system-under-test-1280',
  interval: 360,
  coldstarts: 0
}
",36030544250847522626977579319757147588850310762073620481,2021/03/13/[$LATEST]063c74c1ecf64dc0bcd05a9f7f907102
1615665482488,"2021-03-13T19:58:02.488Z	d11dc352-429a-47dc-937e-0a88d9e6ed5a	INFO	{
  target: 'when-will-i-coldstart-dev-system-under-test-512',
  interval: 360,
  coldstarts: 0
}
",36030544251025928588565824304900546941924125873607671809,2021/03/13/[$LATEST]12895a1b2930445ea857e444d1e78522
1615665482518,"2021-03-13T19:58:02.518Z	6b945da2-704c-49ee-b97d-668dba57f813	INFO	{
  target: 'when-will-i-coldstart-dev-system-under-test-1408',
  interval: 360,
  coldstarts: 0
}
",36030544251694950944521742999179398988622984653127483393,2021/03/13/[$LATEST]2ad69a2bc0944e50a37f15098da964e9
1615665902046,"2021-03-13T20:05:02.046Z	9091f201-a7a5-4218-8c65-40dedb335612	INFO	{
  target: 'when-will-i-coldstart-dev-system-under-test-2240',
  interval: 420,
  coldstarts: 0
}
",36030553607481982593677008828463742160928873378556018689,2021/03/13/[$LATEST]063c74c1ecf64dc0bcd05a9f7f907102
1615665902776,"2021-03-13T20:05:02.776Z	37fc071e-8d12-4498-a906-72a2966c5580	INFO	{
  target: 'when-will-i-coldstart-dev-system-under-test-2816',
  interval: 420,
  coldstarts: 0
}
",36030553623761526588604363722759365046704797294530461697,2021/03/13/[$LATEST]14173c76db4e4112a28d65f7d5804c83
1615665902788,"2021-03-13T20:05:02.788Z	9e1a531e-39e0-41be-9b69-64a51bbce1d6	INFO	{
  target: 'when-will-i-coldstart-dev-system-under-test-1280',
  interval: 420,
  coldstarts: 0
}
",36030553624029135530986731199483245119233957615993487369,2021/03/13/[$LATEST]063c74c1ecf64dc0bcd05a9f7f907102
1615665903051,"2021-03-13T20:05:03.051Z	f5413dec-1b78-4609-bcc7-c7f3afaf3248	INFO	{
  target: 'when-will-i-coldstart-dev-system-under-test-1024',
  interval: 420,
  coldstarts: 0
}
",36030553629894231518200285087012475395656825907141869569,2021/03/13/[$LATEST]4b46b321a9de4fc7ae97c60d97845ce0
1615665903395,"2021-03-13T20:05:03.395Z	caa47e70-024d-4112-a042-b1a19056d7dd	INFO	{
  target: 'when-will-i-coldstart-dev-system-under-test-1792',
  interval: 420,
  coldstarts: 0
}
",36030553637565687866494819448101072825619922237165273089,2021/03/13/[$LATEST]365e4cec970c47b49791721267ca1524
1615666323810,"2021-03-13T20:12:03.810Z	ab4ae0f7-8c75-40a2-9624-6ef23289b4c7	INFO	{
  target: 'when-will-i-coldstart-dev-system-under-test-1856',
  interval: 420,
  coldstarts: 1
}
",36030563013133480506746748005011117539200008229571592193,2021/03/13/[$LATEST]063c74c1ecf64dc0bcd05a9f7f907102
1615666324625,"2021-03-13T20:12:04.625Z	65926033-0ecd-436d-9201-0a32a362bcdf	INFO	{
  target: 'when-will-i-coldstart-dev-system-under-test-2816',
  interval: 420,
  coldstarts: 1
}
",36030563031308587843549205866437045566329317713172299777,2021/03/13/[$LATEST]634806e892ae4da4859c7b0f084215de
1615666324671,"2021-03-13T20:12:04.671Z	53c3ce53-06e3-4955-9c75-6bb2500e3e9b	INFO	{
  target: 'when-will-i-coldstart-dev-system-under-test-512',
  interval: 420,
  coldstarts: 1
}
",36030563032334422122681614529873370971950247486220730377,2021/03/13/[$LATEST]063c74c1ecf64dc0bcd05a9f7f907102
1615666325051,"2021-03-13T20:12:05.051Z	366e18ff-e8a5-4382-b988-c9e25bc0a8d1	INFO	{
  target: 'when-will-i-coldstart-dev-system-under-test-1792',
  interval: 420,
  coldstarts: 1
}
",36030563040808705298123251325267046692065145462267117569,2021/03/13/[$LATEST]33bfe3fa46af4bc4a495e133fb8deeb6
1615666325100,"2021-03-13T20:12:05.100Z	c852beee-3f61-417b-bfa8-3c388859a187	INFO	{
  target: 'when-will-i-coldstart-dev-system-under-test-1536',
  interval: 420,
  coldstarts: 1
}
",36030563041901441812851251859237218171921403885849542657,2021/03/13/[$LATEST]636e82b7e2a04632b22c528da5d6d620
1615666743943,"2021-03-13T20:19:03.943Z	9c07108d-feb4-43c7-b9af-751d2c5a09c6	INFO	{
  target: 'when-will-i-coldstart-dev-system-under-test-2432',
  interval: 420,
  coldstarts: 2
}
",36030572382412463001013040835851690909728647963560902657,2021/03/13/[$LATEST]063c74c1ecf64dc0bcd05a9f7f907102
1615666744717,"2021-03-13T20:19:04.717Z	3efcca16-9b3a-4700-beb7-6977beef8927	INFO	{
  target: 'when-will-i-coldstart-dev-system-under-test-1280',
  interval: 420,
  coldstarts: 2
}
",36030572399673239784675743147400336852758479769189744649,2021/03/13/[$LATEST]063c74c1ecf64dc0bcd05a9f7f907102
1615666744733,"2021-03-13T20:19:04.733Z	fd7dd8ea-183f-40b9-b4fd-2a1461f71604	INFO	{
  target: 'when-will-i-coldstart-dev-system-under-test-2624',
  interval: 420,
  coldstarts: 2
}
",36030572400030051707852233118487166605537257729719074817,2021/03/13/[$LATEST]634806e892ae4da4859c7b0f084215de
1615666745485,"2021-03-13T20:19:05.485Z	9c1d3493-2fae-41d7-9fca-7c7cdfbf8ad9	INFO	{
  target: 'when-will-i-coldstart-dev-system-under-test-2048',
  interval: 420,
  coldstarts: 2
}
",36030572416800212097147261721949166278186765855092572161,2021/03/13/[$LATEST]36f9135e2d5c4d14919956bfad9c312e
1615666745618,"2021-03-13T20:19:05.618Z	425853f0-6702-470d-bac7-01fe08125fa0	INFO	{
  target: 'when-will-i-coldstart-dev-system-under-test-2816',
  interval: 420,
  coldstarts: 2
}
",36030572419766211208551834597924019016414653486078099473,2021/03/13/[$LATEST]063c74c1ecf64dc0bcd05a9f7f907102
1615666745741,"2021-03-13T20:19:05.741Z	d44cf8e2-e0a5-4408-80a0-7098765d5f7c	INFO	{
  target: 'when-will-i-coldstart-dev-system-under-test-512',
  interval: 420,
  coldstarts: 2
}
",36030572422509202867971101244332912363950401951313690649,2021/03/13/[$LATEST]063c74c1ecf64dc0bcd05a9f7f907102
1615666745829,"2021-03-13T20:19:05.829Z	71904215-46e8-4e61-879e-381238690ef7	INFO	{
  target: 'when-will-i-coldstart-dev-system-under-test-3008',
  interval: 420,
  coldstarts: 2
}
",36030572424471668445441796081610313832359861940273610761,2021/03/13/[$LATEST]634806e892ae4da4859c7b0f084215de
1615666746652,"2021-03-13T20:19:06.652Z	a541986c-e08c-41bc-8b98-7d71d677c051	INFO	{
  target: 'when-will-i-coldstart-dev-system-under-test-256',
  interval: 420,
  coldstarts: 2
}
",36030572442825181743832498929549544365255513228735545345,2021/03/13/[$LATEST]25d3aa09945c4ecbb0cc52c6496e74fa
1615666746700,"2021-03-13T20:19:06.700Z	2e7552dd-d5c9-4798-a311-1d12b4c843b1	INFO	{
  target: 'when-will-i-coldstart-dev-system-under-test-1792',
  interval: 420,
  coldstarts: 2
}
",36030572443895617513361968840381876589043752607624331265,2021/03/13/[$LATEST]0652ef6759f74b92bce4e0afe0d3b840
1615666747078,"2021-03-13T20:19:07.078Z	eb4b1544-7991-4278-9906-eacbe1c488a5	INFO	{
  target: 'when-will-i-coldstart-dev-system-under-test-128',
  interval: 420,
  coldstarts: 2
}
",36030572452325299198406544385388425954897665461243150353,2021/03/13/[$LATEST]634806e892ae4da4859c7b0f084215de